<?xml version="1.0" encoding="utf-8" ?>
<dwsync>
<file name="cadastro.jsp" server="L:/cdnetbeans/nomedosite/build/web" local="129800427167275057" remote="129800427150000000" />
<file name="cadastro.jsp" server="" local="129800427167275057" remote="129800427150000000" />
<file name="index.jsp" server="" local="129800446251468470" remote="129800444330000000" />
<file name="recebe.jsp" server="L:/cdnetbeans/nomedosite/build/web" local="129800415159520558" remote="129800414260000000" />
<file name="recebe.jsp" server="" local="129800415159520558" remote="129800414260000000" />
<file name="recuperar.jsp" server="L:/cdnetbeans/nomedosite/build/web" local="129800427571491220" remote="129800427150000000" />
<file name="recuperar.jsp" server="" local="129800427571491220" remote="129800427150000000" />
<file name="style.css" server="L:/cdnetbeans/nomedosite/build/web" local="129802791040000000" remote="129802791040000000" />
<file name="jquery.js" server="L:/cdnetbeans/nomedosite/build/web" local="129802791040000000" remote="129802791040000000" />
<file name="script.js" server="L:/cdnetbeans/nomedosite/build/web" local="129802791040000000" remote="129802791040000000" />
<file name="page.html" server="L:/cdnetbeans/nomedosite/build/web" local="129802794200000000" remote="129802794200000000" />
<file name="index.jsp" server="L:/cdnetbeans/nomedosite/build/web" local="129802845680000000" remote="129802845680000000" />
<file name="style.css" server="L:/cdnetbeans/nomedosite/build/web/" local="129803191160000000" remote="129803191160000000" />
<file name="jquery.js" server="L:/cdnetbeans/nomedosite/build/web/" local="129802791040000000" remote="129802791040000000" />
<file name="script.js" server="L:/cdnetbeans/nomedosite/build/web/" local="129802791040000000" remote="129802791040000000" />
<file name="index.jsp" server="L:/cdnetbeans/nomedosite/build/web/" local="129803513840000000" remote="129803513840000000" />
<file name="recebe.jsp" server="L:/cdnetbeans/nomedosite/build/web/" local="129800415160000000" remote="129800415160000000" />
<file name="recuperar.jsp" server="L:/cdnetbeans/nomedosite/build/web/" local="129800427580000000" remote="129800427580000000" />
<file name="mestre.jsp" server="L:/cdnetbeans/nomedosite/build/web/" local="129802684420000000" remote="129802684420000000" />
<file name="mestre - Copy.jsp" server="L:/cdnetbeans/nomedosite/build/web/" local="129802684880000000" remote="129802684880000000" />
<file name="twoColLiqLtHdr.css" server="L:/cdnetbeans/nomedosite/build/web/" local="129802687580000000" remote="129802687580000000" />
<file name="style.ie7.css" server="L:/cdnetbeans/nomedosite/build/web/" local="129802791040000000" remote="129802791040000000" />
<file name="page.html" server="L:/cdnetbeans/nomedosite/build/web/" local="129802794200000000" remote="129802794200000000" />
<file name="style.ie6.css" server="L:/cdnetbeans/nomedosite/build/web/" local="129802791040000000" remote="129802791040000000" />
<file name="index2.html" server="L:/cdnetbeans/nomedosite/build/web/" local="129802797660000000" remote="129802797660000000" />
<file name="master.jsp" server="L:/cdnetbeans/nomedosite/build/web/" local="129802877020000000" remote="129802877020000000" />
<file name="cadastro.jsp" server="L:/cdnetbeans/nomedosite/build/web/" local="129802984460000000" remote="129802984460000000" />
<file name="header.jsp" server="L:/cdnetbeans/nomedosite/build/web/" local="129803496940000000" remote="129803496940000000" />
<file name="art-nav.jsp" server="L:/cdnetbeans/nomedosite/build/web/" local="129806141780000000" remote="129806141780000000" />
<file name="art-footer-body.jsp" server="L:/cdnetbeans/nomedosite/build/web/" local="129803509840000000" remote="129803509840000000" />
<file name="login.jsp" server="L:/cdnetbeans/nomedosite/build/web/" local="129803692440000000" remote="129803692440000000" />
<file name="boletim.jsp" server="L:/cdnetbeans/nomedosite/build/web/" local="129803517220000000" remote="129803517220000000" />
<file name="contato.jsp" server="L:/cdnetbeans/nomedosite/build/web/" local="129803520180000000" remote="129803520180000000" />
<file name="art-sidebar1.jsp" server="L:/cdnetbeans/nomedosite/build/web/" local="129803691800000000" remote="129803691800000000" />
<file name="art-sidebar2.jsp" server="L:/cdnetbeans/nomedosite/build/web/" local="129803519200000000" remote="129803519200000000" />
<file name="sobre-nos.jsp" server="L:/cdnetbeans/nomedosite/build/web/" local="129806139280000000" remote="129806139280000000" />
</dwsync>