<?xml version="1.0" encoding="utf-8" ?>
<dwsync>
<file name="sheet_s.png" server="L:/cdnetbeans/nomedosite/build/web" local="129802791040000000" remote="129802791040000000" />
<file name="sheet_h.png" server="L:/cdnetbeans/nomedosite/build/web" local="129802791040000000" remote="129802791040000000" />
<file name="sheet_v.png" server="L:/cdnetbeans/nomedosite/build/web" local="129802791040000000" remote="129802791040000000" />
<file name="header.jpg" server="L:/cdnetbeans/nomedosite/build/web" local="129802791040000000" remote="129802791040000000" />
<file name="spacer.gif" server="L:/cdnetbeans/nomedosite/build/web" local="129802791040000000" remote="129802791040000000" />
<file name="nav.png" server="L:/cdnetbeans/nomedosite/build/web" local="129802791040000000" remote="129802791040000000" />
<file name="menuitem.png" server="L:/cdnetbeans/nomedosite/build/web" local="129802791040000000" remote="129802791040000000" />
<file name="subitem.png" server="L:/cdnetbeans/nomedosite/build/web" local="129802791040000000" remote="129802791040000000" />
<file name="block_s.png" server="L:/cdnetbeans/nomedosite/build/web" local="129802791040000000" remote="129802791040000000" />
<file name="block_h.png" server="L:/cdnetbeans/nomedosite/build/web" local="129802791040000000" remote="129802791040000000" />
<file name="block_v.png" server="L:/cdnetbeans/nomedosite/build/web" local="129802791040000000" remote="129802791040000000" />
<file name="blockheader.png" server="L:/cdnetbeans/nomedosite/build/web" local="129802791040000000" remote="129802791040000000" />
<file name="blockcontentbullets.png" server="L:/cdnetbeans/nomedosite/build/web" local="129802791040000000" remote="129802791040000000" />
<file name="button.png" server="L:/cdnetbeans/nomedosite/build/web" local="129802791040000000" remote="129802791040000000" />
<file name="postbullets.png" server="L:/cdnetbeans/nomedosite/build/web" local="129802791040000000" remote="129802791040000000" />
<file name="postquote.png" server="L:/cdnetbeans/nomedosite/build/web" local="129802791040000000" remote="129802791040000000" />
<file name="rssicon.png" server="L:/cdnetbeans/nomedosite/build/web" local="129802791040000000" remote="129802791040000000" />
<file name="preview.jpg" server="L:/cdnetbeans/nomedosite/build/web" local="129802791040000000" remote="129802791040000000" />
<file name="01.png" server="L:/cdnetbeans/nomedosite/build/web" local="129802791040000000" remote="129802791040000000" />
<file name="02.png" server="L:/cdnetbeans/nomedosite/build/web" local="129802791040000000" remote="129802791040000000" />
<file name="03.png" server="L:/cdnetbeans/nomedosite/build/web" local="129802791040000000" remote="129802791040000000" />
<file name="contact.jpg" server="L:/cdnetbeans/nomedosite/build/web" local="129802791040000000" remote="129802791040000000" />
<file name="sheet_s.png" server="L:/cdnetbeans/nomedosite/build/web/" local="129802791040000000" remote="129802791040000000" />
<file name="sheet_h.png" server="L:/cdnetbeans/nomedosite/build/web/" local="129802791040000000" remote="129802791040000000" />
<file name="sheet_v.png" server="L:/cdnetbeans/nomedosite/build/web/" local="129802791040000000" remote="129802791040000000" />
<file name="header.jpg" server="L:/cdnetbeans/nomedosite/build/web/" local="129802791040000000" remote="129802791040000000" />
<file name="spacer.gif" server="L:/cdnetbeans/nomedosite/build/web/" local="129802791040000000" remote="129802791040000000" />
<file name="nav.png" server="L:/cdnetbeans/nomedosite/build/web/" local="129802791040000000" remote="129802791040000000" />
<file name="menuitem.png" server="L:/cdnetbeans/nomedosite/build/web/" local="129802791040000000" remote="129802791040000000" />
<file name="subitem.png" server="L:/cdnetbeans/nomedosite/build/web/" local="129802791040000000" remote="129802791040000000" />
<file name="block_s.png" server="L:/cdnetbeans/nomedosite/build/web/" local="129802791040000000" remote="129802791040000000" />
<file name="block_h.png" server="L:/cdnetbeans/nomedosite/build/web/" local="129802791040000000" remote="129802791040000000" />
<file name="block_v.png" server="L:/cdnetbeans/nomedosite/build/web/" local="129802791040000000" remote="129802791040000000" />
<file name="blockheader.png" server="L:/cdnetbeans/nomedosite/build/web/" local="129802791040000000" remote="129802791040000000" />
<file name="blockcontentbullets.png" server="L:/cdnetbeans/nomedosite/build/web/" local="129802791040000000" remote="129802791040000000" />
<file name="button.png" server="L:/cdnetbeans/nomedosite/build/web/" local="129802791040000000" remote="129802791040000000" />
<file name="postbullets.png" server="L:/cdnetbeans/nomedosite/build/web/" local="129802791040000000" remote="129802791040000000" />
<file name="postquote.png" server="L:/cdnetbeans/nomedosite/build/web/" local="129802791040000000" remote="129802791040000000" />
<file name="rssicon.png" server="L:/cdnetbeans/nomedosite/build/web/" local="129802791040000000" remote="129802791040000000" />
<file name="contact.jpg" server="L:/cdnetbeans/nomedosite/build/web/" local="129802791040000000" remote="129802791040000000" />
<file name="01.png" server="L:/cdnetbeans/nomedosite/build/web/" local="129802791040000000" remote="129802791040000000" />
<file name="02.png" server="L:/cdnetbeans/nomedosite/build/web/" local="129802791040000000" remote="129802791040000000" />
<file name="03.png" server="L:/cdnetbeans/nomedosite/build/web/" local="129802791040000000" remote="129802791040000000" />
<file name="footer_t.png" server="L:/cdnetbeans/nomedosite/build/web/" local="129802791040000000" remote="129802791040000000" />
<file name="preview.jpg" server="L:/cdnetbeans/nomedosite/build/web/" local="129802791040000000" remote="129802791040000000" />
</dwsync>